{"meta": {"format": 3, "version": "7.13.5", "timestamp": "2026-03-25T18:49:38.225295", "branch_coverage": true, "show_contexts": false}, "files": {"modules/crawlers/linkedin.py": {"executed_lines": [1, 3, 5, 7, 8, 9, 10, 12, 15, 16, 23, 24, 25, 27, 29, 30, 31, 35, 36, 38, 39, 41, 43, 45, 46, 48, 50, 59, 60, 61, 62, 63, 64, 65, 66, 69, 70, 74, 75, 79, 80, 81, 84, 87, 88, 89, 90, 91, 92, 93, 94, 97, 100, 101, 102, 103, 104, 107, 108, 109, 110, 113, 114, 115, 116, 117, 118, 119, 120, 121, 124, 125, 129, 130, 133, 134, 135, 136, 144, 145, 147, 148, 149, 151, 153, 156, 157, 158, 159, 166, 167, 168, 169, 170, 171, 172, 180, 181, 182], "summary": {"covered_lines": 99, "num_statements": 101, "percent_covered": 97.16312056737588, "percent_covered_display": "97", "missing_lines": 2, "excluded_lines": 0, "percent_statements_covered": 98.01980198019803, "percent_statements_covered_display": "98", "num_branches": 40, "num_partial_branches": 2, "covered_branches": 38, "missing_branches": 2, "percent_branches_covered": 95.0, "percent_branches_covered_display": "95"}, "missing_lines": [71, 76], "excluded_lines": [], "executed_branches": [[29, 30], [29, 35], [41, 43], [41, 45], [45, 46], [45, 48], [63, 64], [63, 65], [65, 66], [65, 69], [70, 74], [75, 79], [80, 81], [80, 84], [87, 88], [87, 97], [89, 90], [89, 93], [91, 89], [91, 92], [93, 94], [93, 97], [100, 101], [100, 113], [102, 103], [102, 110], [114, 115], [114, 116], [116, 117], [116, 124], [129, 130], [129, 144], [144, 145], [144, 149], [166, 167], [166, 182], [170, 171], [170, 172]], "missing_branches": [[70, 71], [75, 76]], "functions": {"LinkedInCrawler.scrape": {"executed_lines": [29, 30, 31, 35, 36, 38, 39, 41, 43, 45, 46, 48, 50], "summary": {"covered_lines": 13, "num_statements": 13, "percent_covered": 100.0, "percent_covered_display": "100", "missing_lines": 0, "excluded_lines": 0, "percent_statements_covered": 100.0, "percent_statements_covered_display": "100", "num_branches": 6, "num_partial_branches": 0, "covered_branches": 6, "missing_branches": 0, "percent_branches_covered": 100.0, "percent_branches_covered_display": "100"}, "missing_lines": [], "excluded_lines": [], "start_line": 27, "executed_branches": [[29, 30], [29, 35], [41, 43], [41, 45], [45, 46], [45, 48]], "missing_branches": []}, "LinkedInCrawler._extract": {"executed_lines": [60, 61, 62, 63, 64, 65, 66, 69, 70, 74, 75, 79, 80, 81, 84, 87, 88, 89, 90, 91, 92, 93, 94, 97, 100, 101, 102, 103, 104, 107, 108, 109, 110, 113, 114, 115, 116, 117, 118, 119, 120, 121, 124, 125, 129, 130, 133, 134, 135, 136, 144, 145, 147, 148, 149], "summary": {"covered_lines": 55, "num_statements": 57, "percent_covered": 95.40229885057471, "percent_covered_display": "95", "missing_lines": 2, "excluded_lines": 0, "percent_statements_covered": 96.49122807017544, "percent_statements_covered_display": "96", "num_branches": 30, "num_partial_branches": 2, "covered_branches": 28, "missing_branches": 2, "percent_branches_covered": 93.33333333333333, "percent_branches_covered_display": "93"}, "missing_lines": [71, 76], "excluded_lines": [], "start_line": 59, "executed_branches": [[63, 64], [63, 65], [65, 66], [65, 69], [70, 74], [75, 79], [80, 81], [80, 84], [87, 88], [87, 97], [89, 90], [89, 93], [91, 89], [91, 92], [93, 94], [93, 97], [100, 101], [100, 113], [102, 103], [102, 110], [114, 115], [114, 116], [116, 117], [116, 124], [129, 130], [129, 144], [144, 145], [144, 149]], "missing_branches": [[70, 71], [75, 76]]}, "LinkedInCrawler._try_public_view": {"executed_lines": [153, 156, 157, 158, 159, 166, 167, 168, 169, 170, 171, 172, 180, 181, 182], "summary": {"covered_lines": 15, "num_statements": 15, "percent_covered": 100.0, "percent_covered_display": "100", "missing_lines": 0, "excluded_lines": 0, "percent_statements_covered": 100.0, "percent_statements_covered_display": "100", "num_branches": 4, "num_partial_branches": 0, "covered_branches": 4, "missing_branches": 0, "percent_branches_covered": 100.0, "percent_branches_covered_display": "100"}, "missing_lines": [], "excluded_lines": [], "start_line": 151, "executed_branches": [[166, 167], [166, 182], [170, 171], [170, 172]], "missing_branches": []}, "": {"executed_lines": [1, 3, 5, 7, 8, 9, 10, 12, 15, 16, 23, 24, 25, 27, 59, 151], "summary": {"covered_lines": 16, "num_statements": 16, "percent_covered": 100.0, "percent_covered_display": "100", "missing_lines": 0, "excluded_lines": 0, "percent_statements_covered": 100.0, "percent_statements_covered_display": "100", "num_branches": 0, "num_partial_branches": 0, "covered_branches": 0, "missing_branches": 0, "percent_branches_covered": 100.0, "percent_branches_covered_display": "100"}, "missing_lines": [], "excluded_lines": [], "start_line": 1, "executed_branches": [], "missing_branches": []}}, "classes": {"LinkedInCrawler": {"executed_lines": [29, 30, 31, 35, 36, 38, 39, 41, 43, 45, 46, 48, 50, 60, 61, 62, 63, 64, 65, 66, 69, 70, 74, 75, 79, 80, 81, 84, 87, 88, 89, 90, 91, 92, 93, 94, 97, 100, 101, 102, 103, 104, 107, 108, 109, 110, 113, 114, 115, 116, 117, 118, 119, 120, 121, 124, 125, 129, 130, 133, 134, 135, 136, 144, 145, 147, 148, 149, 153, 156, 157, 158, 159, 166, 167, 168, 169, 170, 171, 172, 180, 181, 182], "summary": {"covered_lines": 83, "num_statements": 85, "percent_covered": 96.8, "percent_covered_display": "97", "missing_lines": 2, "excluded_lines": 0, "percent_statements_covered": 97.6470588235294, "percent_statements_covered_display": "98", "num_branches": 40, "num_partial_branches": 2, "covered_branches": 38, "missing_branches": 2, "percent_branches_covered": 95.0, "percent_branches_covered_display": "95"}, "missing_lines": [71, 76], "excluded_lines": [], "start_line": 16, "executed_branches": [[29, 30], [29, 35], [41, 43], [41, 45], [45, 46], [45, 48], [63, 64], [63, 65], [65, 66], [65, 69], [70, 74], [75, 79], [80, 81], [80, 84], [87, 88], [87, 97], [89, 90], [89, 93], [91, 89], [91, 92], [93, 94], [93, 97], [100, 101], [100, 113], [102, 103], [102, 110], [114, 115], [114, 116], [116, 117], [116, 124], [129, 130], [129, 144], [144, 145], [144, 149], [166, 167], [166, 182], [170, 171], [170, 172]], "missing_branches": [[70, 71], [75, 76]]}, "": {"executed_lines": [1, 3, 5, 7, 8, 9, 10, 12, 15, 16, 23, 24, 25, 27, 59, 151], "summary": {"covered_lines": 16, "num_statements": 16, "percent_covered": 100.0, "percent_covered_display": "100", "missing_lines": 0, "excluded_lines": 0, "percent_statements_covered": 100.0, "percent_statements_covered_display": "100", "num_branches": 0, "num_partial_branches": 0, "covered_branches": 0, "missing_branches": 0, "percent_branches_covered": 100.0, "percent_branches_covered_display": "100"}, "missing_lines": [], "excluded_lines": [], "start_line": 1, "executed_branches": [], "missing_branches": []}}}}, "totals": {"covered_lines": 99, "num_statements": 101, "percent_covered": 97.16312056737588, "percent_covered_display": "97", "missing_lines": 2, "excluded_lines": 0, "percent_statements_covered": 98.01980198019803, "percent_statements_covered_display": "98", "num_branches": 40, "num_partial_branches": 2, "covered_branches": 38, "missing_branches": 2, "percent_branches_covered": 95.0, "percent_branches_covered_display": "95"}}